{
  "winner": "N5",
  "final_answer": "[security_defensive] Consolidated answer for 'Payment webhooks sometimes arrive late or out of order, and users retry when they don’t se': Check logical implication direction carefully; State assumptions before derivation; Address query objective: Payment webhooks sometimes arrive late or out of order, and users retry when the; Validate input assumptions and null handling",
  "metrics": {
    "pass": {
      "N1": 8,
      "N6": 7,
      "N2": 8,
      "N7": 6,
      "N3": 7,
      "N8": 7,
      "N4": 7,
      "N10": 6,
      "N5": 8,
      "N9": 5
    },
    "fail": {
      "N1": 0,
      "N6": 1,
      "N2": 1,
      "N7": 0,
      "N3": 1,
      "N8": 1,
      "N4": 1,
      "N10": 1,
      "N5": 0,
      "N9": 1
    },
    "agree": {
      "N1": 60,
      "N6": 66,
      "N2": 52,
      "N7": 48,
      "N3": 52,
      "N8": 56,
      "N4": 66,
      "N10": 49,
      "N5": 63,
      "N9": 48
    },
    "reject": {
      "N1": 4,
      "N6": 9,
      "N2": 12,
      "N7": 11,
      "N3": 10,
      "N8": 12,
      "N4": 7,
      "N10": 13,
      "N5": 5,
      "N9": 9
    },
    "eligible_reviews": {
      "N1": 9,
      "N6": 9,
      "N2": 9,
      "N7": 9,
      "N3": 9,
      "N8": 9,
      "N4": 9,
      "N10": 9,
      "N5": 9,
      "N9": 9
    },
    "used_points": {
      "N1": 10,
      "N6": 10,
      "N2": 10,
      "N7": 10,
      "N3": 10,
      "N8": 10,
      "N4": 10,
      "N10": 10,
      "N5": 10,
      "N9": 10
    },
    "agree_rate": {
      "N1": 0.6666666666666666,
      "N6": 0.7333333333333333,
      "N2": 0.5777777777777777,
      "N7": 0.5333333333333333,
      "N3": 0.5777777777777777,
      "N8": 0.6222222222222222,
      "N4": 0.7333333333333333,
      "N10": 0.5444444444444444,
      "N5": 0.7,
      "N9": 0.5333333333333333
    }
  },
  "reputation_updates": {
    "node_rep_delta": {
      "N5": 5.0
    },
    "point_rep_delta": {
      "N1": 52.0,
      "N6": 40.0,
      "N2": 48.0,
      "N7": 53.0,
      "N3": 47.0,
      "N8": 71.0,
      "N4": 72.0,
      "N10": 47.0,
      "N5": 28.0,
      "N9": 10.0
    }
  }
}