{
  "winner": "N2",
  "final_answer": "[databases_sql] Consolidated answer for 'After a release, we started seeing intermittent 502/504 at the gateway. The backend makes ': Check logical implication direction carefully; Address query objective: After a release, we started seeing intermittent 502/504 at the gateway. The back; Address query objective: After a release, we started seeing intermittent 502/504 at the gateway. The back; Check edge cases and error handling paths",
  "metrics": {
    "pass": {
      "N1": 6,
      "N6": 6,
      "N2": 8,
      "N7": 5,
      "N3": 4,
      "N8": 7,
      "N4": 4,
      "N10": 6,
      "N5": 7,
      "N9": 7
    },
    "fail": {
      "N1": 1,
      "N6": 2,
      "N2": 0,
      "N7": 3,
      "N3": 2,
      "N8": 0,
      "N4": 4,
      "N10": 2,
      "N5": 0,
      "N9": 0
    },
    "agree": {
      "N1": 49,
      "N6": 51,
      "N2": 67,
      "N7": 44,
      "N3": 36,
      "N8": 59,
      "N4": 38,
      "N10": 55,
      "N5": 61,
      "N9": 58
    },
    "reject": {
      "N1": 16,
      "N6": 17,
      "N2": 5,
      "N7": 22,
      "N3": 18,
      "N8": 9,
      "N4": 30,
      "N10": 12,
      "N5": 5,
      "N9": 11
    },
    "eligible_reviews": {
      "N1": 9,
      "N6": 9,
      "N2": 9,
      "N7": 9,
      "N3": 9,
      "N8": 9,
      "N4": 9,
      "N10": 9,
      "N5": 9,
      "N9": 9
    },
    "used_points": {
      "N1": 10,
      "N6": 10,
      "N2": 10,
      "N7": 10,
      "N3": 10,
      "N8": 10,
      "N4": 10,
      "N10": 10,
      "N5": 10,
      "N9": 10
    },
    "agree_rate": {
      "N1": 0.5444444444444444,
      "N6": 0.5666666666666667,
      "N2": 0.7444444444444445,
      "N7": 0.4888888888888889,
      "N3": 0.4,
      "N8": 0.6555555555555556,
      "N4": 0.4222222222222222,
      "N10": 0.6111111111111112,
      "N5": 0.6777777777777778,
      "N9": 0.6444444444444445
    }
  },
  "reputation_updates": {
    "node_rep_delta": {
      "N6": -2.0,
      "N2": 5.0,
      "N7": -2.0,
      "N3": -2.0,
      "N4": -2.0,
      "N10": -2.0
    },
    "point_rep_delta": {
      "N1": 44.0,
      "N6": 15.0,
      "N2": 49.0,
      "N7": 35.0,
      "N3": 56.0,
      "N8": 25.0,
      "N4": 25.0,
      "N10": 37.0,
      "N5": 42.0,
      "N9": 45.0
    }
  }
}