{
  "winner": "N9",
  "final_answer": "[security_defensive] Consolidated answer for 'We plan to move from session cookies to JWTs, but we already have occasional 5xx spikes an': Address query objective: We plan to move from session cookies to JWTs, but we already have occasional 5xx; Add regression test for failing scenario; Verify result by substitution or contradiction; Address query objective: We plan to move from session cookies to JWTs, but we already have occasional 5xx",
  "metrics": {
    "pass": {
      "N1": 6,
      "N6": 5,
      "N2": 6,
      "N7": 6,
      "N3": 7,
      "N8": 7,
      "N4": 6,
      "N10": 5,
      "N5": 6,
      "N9": 8
    },
    "fail": {
      "N1": 3,
      "N6": 2,
      "N2": 2,
      "N7": 1,
      "N3": 1,
      "N8": 1,
      "N4": 0,
      "N10": 4,
      "N5": 0,
      "N9": 0
    },
    "agree": {
      "N1": 49,
      "N6": 46,
      "N2": 55,
      "N7": 52,
      "N3": 63,
      "N8": 59,
      "N4": 54,
      "N10": 45,
      "N5": 53,
      "N9": 71
    },
    "reject": {
      "N1": 22,
      "N6": 14,
      "N2": 14,
      "N7": 13,
      "N3": 10,
      "N8": 14,
      "N4": 5,
      "N10": 26,
      "N5": 4,
      "N9": 2
    },
    "eligible_reviews": {
      "N1": 9,
      "N6": 9,
      "N2": 9,
      "N7": 9,
      "N3": 9,
      "N8": 9,
      "N4": 9,
      "N10": 9,
      "N5": 9,
      "N9": 9
    },
    "used_points": {
      "N1": 10,
      "N6": 10,
      "N2": 10,
      "N7": 10,
      "N3": 10,
      "N8": 10,
      "N4": 10,
      "N10": 10,
      "N5": 10,
      "N9": 10
    },
    "agree_rate": {
      "N1": 0.5444444444444444,
      "N6": 0.5111111111111111,
      "N2": 0.6111111111111112,
      "N7": 0.5777777777777777,
      "N3": 0.7,
      "N8": 0.6555555555555556,
      "N4": 0.6,
      "N10": 0.5,
      "N5": 0.5888888888888889,
      "N9": 0.7888888888888889
    }
  },
  "reputation_updates": {
    "node_rep_delta": {
      "N1": -2.0,
      "N6": -2.0,
      "N2": -2.0,
      "N10": -2.0,
      "N9": 5.0
    },
    "point_rep_delta": {
      "N1": 58.0,
      "N6": 34.0,
      "N2": 33.0,
      "N7": 59.0,
      "N3": 19.0,
      "N8": 52.0,
      "N4": 46.0,
      "N10": 37.0,
      "N5": 38.0,
      "N9": 47.0
    }
  }
}