{
  "winner": "N2",
  "final_answer": "[databases_sql] Consolidated answer for 'Cache hit rate dropped from ~90% to ~50% and DB reads doubled. The feature added more quer': State assumptions before derivation; Address query objective: Cache hit rate dropped from ~90% to ~50% and DB reads doubled. The feature added; Verify result by substitution or contradiction; Log security events for anomaly detection",
  "metrics": {
    "pass": {
      "N1": 6,
      "N6": 8,
      "N2": 9,
      "N7": 7,
      "N3": 7,
      "N8": 7,
      "N4": 6,
      "N10": 8,
      "N5": 5,
      "N9": 8
    },
    "fail": {
      "N1": 2,
      "N6": 1,
      "N2": 0,
      "N7": 1,
      "N3": 1,
      "N8": 0,
      "N4": 1,
      "N10": 0,
      "N5": 1,
      "N9": 0
    },
    "agree": {
      "N1": 53,
      "N6": 73,
      "N2": 67,
      "N7": 53,
      "N3": 52,
      "N8": 61,
      "N4": 43,
      "N10": 60,
      "N5": 49,
      "N9": 66
    },
    "reject": {
      "N1": 20,
      "N6": 8,
      "N2": 4,
      "N7": 12,
      "N3": 6,
      "N8": 7,
      "N4": 16,
      "N10": 6,
      "N5": 11,
      "N9": 3
    },
    "eligible_reviews": {
      "N1": 9,
      "N6": 9,
      "N2": 9,
      "N7": 9,
      "N3": 9,
      "N8": 9,
      "N4": 9,
      "N10": 9,
      "N5": 9,
      "N9": 9
    },
    "used_points": {
      "N1": 10,
      "N6": 10,
      "N2": 10,
      "N7": 10,
      "N3": 10,
      "N8": 10,
      "N4": 10,
      "N10": 10,
      "N5": 10,
      "N9": 10
    },
    "agree_rate": {
      "N1": 0.5888888888888889,
      "N6": 0.8111111111111111,
      "N2": 0.7444444444444445,
      "N7": 0.5888888888888889,
      "N3": 0.5777777777777777,
      "N8": 0.6777777777777778,
      "N4": 0.4777777777777778,
      "N10": 0.6666666666666666,
      "N5": 0.5444444444444444,
      "N9": 0.7333333333333333
    }
  },
  "reputation_updates": {
    "node_rep_delta": {
      "N1": -2.0,
      "N2": 5.0
    },
    "point_rep_delta": {
      "N1": 69.0,
      "N6": 33.0,
      "N2": 39.0,
      "N7": 48.0,
      "N3": 39.0,
      "N8": 32.0,
      "N4": 73.0,
      "N10": 43.0,
      "N5": 73.0,
      "N9": 35.0
    }
  }
}