{
  "winner": "N10",
  "final_answer": "[math_logic] Consolidated answer for 'A reporting endpoint times out. The code does multiple sequential calls, and the SQL query': Address query objective: A reporting endpoint times out. The code does multiple sequential calls, and the; Inspect stack trace and failing branch; Add regression test for failing scenario; Differentiate latency versus throughput bottlenecks",
  "metrics": {
    "pass": {
      "N1": 6,
      "N6": 7,
      "N2": 6,
      "N7": 6,
      "N3": 7,
      "N8": 7,
      "N4": 8,
      "N10": 8,
      "N5": 6,
      "N9": 5
    },
    "fail": {
      "N1": 2,
      "N6": 0,
      "N2": 2,
      "N7": 0,
      "N3": 2,
      "N8": 1,
      "N4": 1,
      "N10": 0,
      "N5": 2,
      "N9": 2
    },
    "agree": {
      "N1": 50,
      "N6": 54,
      "N2": 56,
      "N7": 49,
      "N3": 55,
      "N8": 64,
      "N4": 64,
      "N10": 65,
      "N5": 51,
      "N9": 41
    },
    "reject": {
      "N1": 14,
      "N6": 10,
      "N2": 11,
      "N7": 10,
      "N3": 15,
      "N8": 9,
      "N4": 11,
      "N10": 3,
      "N5": 15,
      "N9": 21
    },
    "eligible_reviews": {
      "N1": 9,
      "N6": 9,
      "N2": 9,
      "N7": 9,
      "N3": 9,
      "N8": 9,
      "N4": 9,
      "N10": 9,
      "N5": 9,
      "N9": 9
    },
    "used_points": {
      "N1": 10,
      "N6": 10,
      "N2": 10,
      "N7": 10,
      "N3": 10,
      "N8": 10,
      "N4": 10,
      "N10": 10,
      "N5": 10,
      "N9": 10
    },
    "agree_rate": {
      "N1": 0.5555555555555556,
      "N6": 0.6,
      "N2": 0.6222222222222222,
      "N7": 0.5444444444444444,
      "N3": 0.6111111111111112,
      "N8": 0.7111111111111111,
      "N4": 0.7111111111111111,
      "N10": 0.7222222222222222,
      "N5": 0.5666666666666667,
      "N9": 0.45555555555555555
    }
  },
  "reputation_updates": {
    "node_rep_delta": {
      "N1": -2.0,
      "N2": -2.0,
      "N3": -2.0,
      "N10": 5.0,
      "N5": -2.0,
      "N9": -2.0
    },
    "point_rep_delta": {
      "N1": 45.0,
      "N6": 47.0,
      "N2": 30.0,
      "N7": 41.0,
      "N3": 45.0,
      "N8": 15.0,
      "N4": 62.0,
      "N10": 39.0,
      "N5": 42.0,
      "N9": 64.0
    }
  }
}