{
  "winner": "N9",
  "final_answer": "[security_defensive] Consolidated answer for 'Password reset requests spiked (possible abuse) and the database load increased. The servi': Separate proven facts from unknown claims; Validate and sanitize untrusted input paths; Prefer parameterized queries over string concatenation; Address query objective: Password reset requests spiked (possible abuse) and the database load increased.",
  "metrics": {
    "pass": {
      "N1": 5,
      "N6": 7,
      "N2": 6,
      "N7": 6,
      "N3": 4,
      "N8": 7,
      "N4": 7,
      "N10": 5,
      "N5": 6,
      "N9": 8
    },
    "fail": {
      "N1": 3,
      "N6": 0,
      "N2": 1,
      "N7": 0,
      "N3": 3,
      "N8": 2,
      "N4": 1,
      "N10": 1,
      "N5": 2,
      "N9": 0
    },
    "agree": {
      "N1": 47,
      "N6": 61,
      "N2": 53,
      "N7": 51,
      "N3": 43,
      "N8": 57,
      "N4": 56,
      "N10": 53,
      "N5": 58,
      "N9": 69
    },
    "reject": {
      "N1": 28,
      "N6": 5,
      "N2": 15,
      "N7": 5,
      "N3": 16,
      "N8": 16,
      "N4": 15,
      "N10": 11,
      "N5": 18,
      "N9": 4
    },
    "eligible_reviews": {
      "N1": 9,
      "N6": 9,
      "N2": 9,
      "N7": 9,
      "N3": 9,
      "N8": 9,
      "N4": 9,
      "N10": 9,
      "N5": 9,
      "N9": 9
    },
    "used_points": {
      "N1": 10,
      "N6": 10,
      "N2": 10,
      "N7": 10,
      "N3": 10,
      "N8": 10,
      "N4": 10,
      "N10": 10,
      "N5": 10,
      "N9": 10
    },
    "agree_rate": {
      "N1": 0.5222222222222223,
      "N6": 0.6777777777777778,
      "N2": 0.5888888888888889,
      "N7": 0.5666666666666667,
      "N3": 0.4777777777777778,
      "N8": 0.6333333333333333,
      "N4": 0.6222222222222222,
      "N10": 0.5888888888888889,
      "N5": 0.6444444444444445,
      "N9": 0.7666666666666667
    }
  },
  "reputation_updates": {
    "node_rep_delta": {
      "N1": -2.0,
      "N3": -2.0,
      "N8": -2.0,
      "N5": -2.0,
      "N9": 5.0
    },
    "point_rep_delta": {
      "N1": 45.0,
      "N6": 27.0,
      "N2": 70.0,
      "N7": 60.0,
      "N3": 15.0,
      "N8": 54.0,
      "N4": 34.0,
      "N10": 54.0,
      "N5": 28.0,
      "N9": 28.0
    }
  }
}