{
  "winner": "N3",
  "final_answer": "[networking_systems] Consolidated answer for 'Our checkout sometimes takes 5–10 seconds and users occasionally get charged twice when th': Address query objective: Our checkout sometimes takes 5–10 seconds and users occasionally get charged twi; State assumptions before derivation; Transform expression using valid algebraic rules; Check logical implication direction carefully",
  "metrics": {
    "pass": {
      "N1": 7,
      "N6": 7,
      "N2": 6,
      "N7": 5,
      "N3": 8,
      "N8": 6,
      "N4": 8,
      "N10": 6,
      "N5": 8,
      "N9": 7
    },
    "fail": {
      "N1": 1,
      "N6": 1,
      "N2": 1,
      "N7": 1,
      "N3": 1,
      "N8": 1,
      "N4": 0,
      "N10": 0,
      "N5": 1,
      "N9": 1
    },
    "agree": {
      "N1": 62,
      "N6": 60,
      "N2": 43,
      "N7": 40,
      "N3": 67,
      "N8": 47,
      "N4": 63,
      "N10": 52,
      "N5": 62,
      "N9": 57
    },
    "reject": {
      "N1": 10,
      "N6": 9,
      "N2": 17,
      "N7": 12,
      "N3": 8,
      "N8": 15,
      "N4": 10,
      "N10": 5,
      "N5": 15,
      "N9": 12
    },
    "eligible_reviews": {
      "N1": 9,
      "N6": 9,
      "N2": 9,
      "N7": 9,
      "N3": 9,
      "N8": 9,
      "N4": 9,
      "N10": 9,
      "N5": 9,
      "N9": 9
    },
    "used_points": {
      "N1": 10,
      "N6": 10,
      "N2": 10,
      "N7": 10,
      "N3": 10,
      "N8": 10,
      "N4": 10,
      "N10": 10,
      "N5": 10,
      "N9": 10
    },
    "agree_rate": {
      "N1": 0.6888888888888889,
      "N6": 0.6666666666666666,
      "N2": 0.4777777777777778,
      "N7": 0.4444444444444444,
      "N3": 0.7444444444444445,
      "N8": 0.5222222222222223,
      "N4": 0.7,
      "N10": 0.5777777777777777,
      "N5": 0.6888888888888889,
      "N9": 0.6333333333333333
    }
  },
  "reputation_updates": {
    "node_rep_delta": {
      "N3": 5.0
    },
    "point_rep_delta": {
      "N1": 144.0,
      "N10": 296.0
    }
  }
}