{
  "winner": "N1",
  "final_answer": "[coding_debugging] Consolidated answer for 'Our checkout sometimes takes 5–10 seconds and users occasionally get charged twice when th': Log security events for anomaly detection; Address query objective: Our checkout sometimes takes 5–10 seconds and users occasionally get charged twi; Use retries with timeout and backoff strategy; Reproduce issue with minimal failing test",
  "metrics": {
    "pass": {
      "N1": 8,
      "N6": 8,
      "N2": 6,
      "N7": 6,
      "N3": 5,
      "N8": 7,
      "N4": 5,
      "N10": 7,
      "N5": 4,
      "N9": 7
    },
    "fail": {
      "N1": 0,
      "N6": 1,
      "N2": 0,
      "N7": 1,
      "N3": 0,
      "N8": 1,
      "N4": 1,
      "N10": 0,
      "N5": 2,
      "N9": 1
    },
    "agree": {
      "N1": 63,
      "N6": 60,
      "N2": 53,
      "N7": 54,
      "N3": 44,
      "N8": 59,
      "N4": 42,
      "N10": 62,
      "N5": 40,
      "N9": 61
    },
    "reject": {
      "N1": 4,
      "N6": 13,
      "N2": 4,
      "N7": 12,
      "N3": 9,
      "N8": 12,
      "N4": 7,
      "N10": 4,
      "N5": 20,
      "N9": 11
    },
    "eligible_reviews": {
      "N1": 9,
      "N6": 9,
      "N2": 9,
      "N7": 9,
      "N3": 9,
      "N8": 9,
      "N4": 9,
      "N10": 9,
      "N5": 9,
      "N9": 9
    },
    "used_points": {
      "N1": 10,
      "N6": 10,
      "N2": 10,
      "N7": 10,
      "N3": 10,
      "N8": 10,
      "N4": 10,
      "N10": 10,
      "N5": 10,
      "N9": 10
    },
    "agree_rate": {
      "N1": 0.7,
      "N6": 0.6666666666666666,
      "N2": 0.5888888888888889,
      "N7": 0.6,
      "N3": 0.4888888888888889,
      "N8": 0.6555555555555556,
      "N4": 0.4666666666666667,
      "N10": 0.6888888888888889,
      "N5": 0.4444444444444444,
      "N9": 0.6777777777777778
    }
  },
  "reputation_updates": {
    "node_rep_delta": {
      "N1": 5.0,
      "N5": -2.0
    },
    "point_rep_delta": {
      "N1": 25.0,
      "N10": 51.0,
      "N2": 48.0,
      "N3": 35.0,
      "N4": 45.0,
      "N5": 33.0,
      "N6": 73.0,
      "N7": 53.0,
      "N8": 22.0,
      "N9": 57.0
    }
  }
}